algorithm,board_size,obstacle_density,elapsed_time,steps,path_found
BFS,"(50, 50)",0.25,11.592623710632324,1853,True
BFS,"(50, 50)",0.25,11.455656051635742,1859,True
BFS,"(50, 50)",0.25,7.533918857574463,1861,True
BFS,"(50, 50)",0.25,11.50975775718689,1856,True
BFS,"(50, 50)",0.25,0.06560850143432617,10,False
BFS,"(50, 50)",0.25,0.020262956619262695,4,False
BFS,"(50, 50)",0.25,11.396489381790161,1829,True
BFS,"(50, 50)",0.25,11.518305778503418,1859,True
BFS,"(50, 50)",0.25,0.04507756233215332,7,False
BFS,"(50, 50)",0.25,11.527072191238403,1857,True
BFS,"(50, 50)",0.25,11.491620063781738,1865,False
BFS,"(50, 50)",0.25,0.03209185600280762,5,False
BFS,"(50, 50)",0.25,11.483217716217041,1855,True
BFS,"(50, 50)",0.25,11.390479564666748,1830,True
BFS,"(50, 50)",0.25,11.545544624328613,1864,True
BFS,"(50, 50)",0.25,11.440752506256104,1851,False
BFS,"(50, 50)",0.25,11.487640857696533,1854,True
BFS,"(50, 50)",0.25,11.537686824798584,1864,True
BFS,"(50, 50)",0.25,11.44681191444397,1857,True
BFS,"(50, 50)",0.25,11.516966819763184,1865,True
BFS,"(50, 50)",0.25,11.498071193695068,1857,True
BFS,"(50, 50)",0.25,11.543205261230469,1863,True
BFS,"(50, 50)",0.25,11.540125608444214,1857,True
BFS,"(50, 50)",0.25,0.0656290054321289,9,False
BFS,"(50, 50)",0.25,11.40871000289917,1851,True
BFS,"(50, 50)",0.25,11.540607213973999,1846,True
BFS,"(50, 50)",0.25,11.490824460983276,1859,True
BFS,"(50, 50)",0.25,0.006146430969238281,2,False
BFS,"(50, 50)",0.25,11.472893953323364,1853,False
BFS,"(50, 50)",0.25,11.346083164215088,1837,True
BFS,"(50, 50)",0.25,0.01311349868774414,3,False
BFS,"(50, 50)",0.25,11.476752996444702,1857,True
BFS,"(50, 50)",0.25,0.006160259246826172,2,False
BFS,"(50, 50)",0.25,0.006099700927734375,2,False
BFS,"(50, 50)",0.25,11.478922128677368,1862,True
BFS,"(50, 50)",0.25,0.006124734878540039,2,False
BFS,"(50, 50)",0.25,11.53759479522705,1857,True
BFS,"(50, 50)",0.25,11.559103727340698,1868,True
BFS,"(50, 50)",0.25,11.457582473754883,1850,True
BFS,"(50, 50)",0.25,0.0064830780029296875,2,False
BFS,"(50, 50)",0.25,11.477455615997314,1862,True
BFS,"(50, 50)",0.25,11.374763488769531,1847,True
BFS,"(50, 50)",0.25,11.385000705718994,1848,True
BFS,"(50, 50)",0.25,0.019788265228271484,4,False
BFS,"(50, 50)",0.25,0.03485560417175293,6,False
BFS,"(50, 50)",0.25,11.508298397064209,1862,False
BFS,"(50, 50)",0.25,11.578537225723267,1866,True
BFS,"(50, 50)",0.25,11.438528776168823,1849,True
BFS,"(50, 50)",0.25,11.54922866821289,1864,True
BFS,"(50, 50)",0.25,11.395275115966797,1848,True
BFS,"(50, 50)",0.25,11.435599088668823,1853,True
BFS,"(50, 50)",0.25,11.494465589523315,1857,True
BFS,"(50, 50)",0.25,0.03530001640319824,6,False
BFS,"(50, 50)",0.25,11.569953918457031,1864,True
BFS,"(50, 50)",0.25,0.029601097106933594,4,False
BFS,"(50, 50)",0.25,11.562853813171387,1870,True
BFS,"(50, 50)",0.25,11.537327766418457,1860,True
BFS,"(50, 50)",0.25,11.430624961853027,1848,True
BFS,"(50, 50)",0.25,11.514195442199707,1867,True
BFS,"(50, 50)",0.25,11.55419659614563,1867,True
BFS,"(50, 50)",0.25,11.53542160987854,1866,True
BFS,"(50, 50)",0.25,11.480228424072266,1855,True
BFS,"(50, 50)",0.25,11.482667922973633,1859,False
BFS,"(50, 50)",0.25,11.436935663223267,1857,True
BFS,"(50, 50)",0.25,11.260900735855103,1835,False
BFS,"(50, 50)",0.25,11.449805736541748,1849,False
BFS,"(50, 50)",0.25,7.623898506164551,1860,True
BFS,"(50, 50)",0.25,7.600115060806274,1863,True
BFS,"(50, 50)",0.25,0.0076389312744140625,2,False
BFS,"(50, 50)",0.25,7.561596870422363,1852,True
BFS,"(50, 50)",0.25,0.04352116584777832,7,False
BFS,"(50, 50)",0.25,7.551933526992798,1851,True
BFS,"(50, 50)",0.25,7.646167278289795,1868,True
BFS,"(50, 50)",0.25,11.431071281433105,1852,True
BFS,"(50, 50)",0.25,11.435778617858887,1853,True
BFS,"(50, 50)",0.25,7.605697154998779,1861,True
BFS,"(50, 50)",0.25,7.6461262702941895,1865,False
BFS,"(50, 50)",0.25,7.575141191482544,1851,True
BFS,"(50, 50)",0.25,7.668870210647583,1830,True
BFS,"(50, 50)",0.25,8.019955396652222,1862,True
BFS,"(50, 50)",0.25,0.03923749923706055,8,False
BFS,"(50, 50)",0.25,8.086600542068481,1861,True
BFS,"(50, 50)",0.25,8.143471479415894,1854,True
BFS,"(50, 50)",0.25,11.498146295547485,1859,True
BFS,"(50, 50)",0.25,8.024672508239746,1861,False
BFS,"(50, 50)",0.25,11.57530951499939,1864,True
BFS,"(50, 50)",0.25,11.416436433792114,1845,False
BFS,"(50, 50)",0.25,8.030024766921997,1853,True
BFS,"(50, 50)",0.25,8.177297353744507,1863,True
BFS,"(50, 50)",0.25,7.99612283706665,1849,True
BFS,"(50, 50)",0.25,11.47626519203186,1856,True
BFS,"(50, 50)",0.25,8.269688367843628,1854,False
BFS,"(50, 50)",0.25,8.130051612854004,1854,True
BFS,"(50, 50)",0.25,8.248642683029175,1863,True
BFS,"(50, 50)",0.25,8.07156777381897,1856,True
BFS,"(50, 50)",0.25,8.116640090942383,1855,True
BFS,"(50, 50)",0.25,0.008208036422729492,3,False
BFS,"(50, 50)",0.25,8.103694200515747,1863,True
BFS,"(50, 50)",0.25,8.177845478057861,1853,True
BFS,"(50, 50)",0.25,11.484730243682861,1862,True
DFS,"(50, 50)",0.25,1.3985614776611328,222,True
DFS,"(50, 50)",0.25,0.6586740016937256,150,True
DFS,"(50, 50)",0.25,1.07411527633667,247,True
DFS,"(50, 50)",0.25,0.5507352352142334,126,True
DFS,"(50, 50)",0.25,0.04929208755493164,10,False
DFS,"(50, 50)",0.25,0.023353099822998047,4,False
DFS,"(50, 50)",0.25,0.7617743015289307,118,True
DFS,"(50, 50)",0.25,1.7979836463928223,409,True
DFS,"(50, 50)",0.25,0.04834318161010742,7,False
DFS,"(50, 50)",0.25,0.8172600269317627,183,True
DFS,"(50, 50)",0.25,8.081355094909668,1865,False
DFS,"(50, 50)",0.25,0.03136897087097168,5,False
DFS,"(50, 50)",0.25,0.8041472434997559,121,True
DFS,"(50, 50)",0.25,0.8378851413726807,191,True
DFS,"(50, 50)",0.25,0.7073376178741455,160,True
DFS,"(50, 50)",0.25,8.109254360198975,1851,False
DFS,"(50, 50)",0.25,0.8564770221710205,197,True
DFS,"(50, 50)",0.25,0.966144323348999,148,True
DFS,"(50, 50)",0.25,2.371774673461914,376,True
DFS,"(50, 50)",0.25,0.7766335010528564,183,True
DFS,"(50, 50)",0.25,0.6363236904144287,144,True
DFS,"(50, 50)",0.25,2.0673906803131104,470,True
DFS,"(50, 50)",0.25,0.5611317157745361,127,True
DFS,"(50, 50)",0.25,0.05211973190307617,9,False
DFS,"(50, 50)",0.25,0.9684925079345703,152,True
DFS,"(50, 50)",0.25,0.5884342193603516,126,True
DFS,"(50, 50)",0.25,1.1724426746368408,267,True
DFS,"(50, 50)",0.25,0.006814241409301758,2,False
DFS,"(50, 50)",0.25,11.42379903793335,1853,False
DFS,"(50, 50)",0.25,1.3286452293395996,305,True
DFS,"(50, 50)",0.25,0.01315164566040039,3,False
DFS,"(50, 50)",0.25,1.0186116695404053,229,True
DFS,"(50, 50)",0.25,0.0069348812103271484,2,False
DFS,"(50, 50)",0.25,0.007578611373901367,2,False
DFS,"(50, 50)",0.25,0.6344707012176514,142,True
DFS,"(50, 50)",0.25,0.008098602294921875,2,False
DFS,"(50, 50)",0.25,4.1824564933776855,672,True
DFS,"(50, 50)",0.25,0.6602756977081299,133,True
DFS,"(50, 50)",0.25,1.0821974277496338,174,True
DFS,"(50, 50)",0.25,0.006264686584472656,2,False
DFS,"(50, 50)",0.25,0.9108574390411377,145,True
DFS,"(50, 50)",0.25,1.3598675727844238,220,True
DFS,"(50, 50)",0.25,0.8246965408325195,133,True
DFS,"(50, 50)",0.25,0.021619319915771484,4,False
DFS,"(50, 50)",0.25,0.036954641342163086,6,False
DFS,"(50, 50)",0.25,11.541688680648804,1862,False
DFS,"(50, 50)",0.25,1.815950870513916,272,True
DFS,"(50, 50)",0.25,0.994276762008667,159,True
DFS,"(50, 50)",0.25,0.9046630859375,145,True
DFS,"(50, 50)",0.25,1.219743013381958,290,True
DFS,"(50, 50)",0.25,1.1119813919067383,174,True
DFS,"(50, 50)",0.25,0.539151668548584,124,True
DFS,"(50, 50)",0.25,0.03618288040161133,6,False
DFS,"(50, 50)",0.25,1.013892412185669,160,True
DFS,"(50, 50)",0.25,0.014091253280639648,4,False
DFS,"(50, 50)",0.25,0.8770384788513184,140,True
DFS,"(50, 50)",0.25,1.0095973014831543,159,True
DFS,"(50, 50)",0.25,0.8749058246612549,136,True
DFS,"(50, 50)",0.25,0.9144165515899658,147,True
DFS,"(50, 50)",0.25,0.616396427154541,136,True
DFS,"(50, 50)",0.25,0.8588757514953613,133,True
DFS,"(50, 50)",0.25,0.9994802474975586,159,True
DFS,"(50, 50)",0.25,8.141021966934204,1859,False
DFS,"(50, 50)",0.25,0.6983311176300049,109,True
DFS,"(50, 50)",0.25,7.988032102584839,1835,False
DFS,"(50, 50)",0.25,11.447938203811646,1849,False
DFS,"(50, 50)",0.25,0.9550495147705078,137,True
DFS,"(50, 50)",0.25,2.1791739463806152,309,True
DFS,"(50, 50)",0.25,0.0072133541107177734,2,False
DFS,"(50, 50)",0.25,0.9746146202087402,153,True
DFS,"(50, 50)",0.25,0.041332244873046875,7,False
DFS,"(50, 50)",0.25,1.7302587032318115,278,True
DFS,"(50, 50)",0.25,1.1841750144958496,192,True
DFS,"(50, 50)",0.25,0.7196474075317383,171,True
DFS,"(50, 50)",0.25,2.147289991378784,341,True
DFS,"(50, 50)",0.25,0.7190432548522949,165,True
DFS,"(50, 50)",0.25,11.546576261520386,1865,False
DFS,"(50, 50)",0.25,0.8019142150878906,129,True
DFS,"(50, 50)",0.25,0.7559487819671631,177,True
DFS,"(50, 50)",0.25,0.8941037654876709,139,True
DFS,"(50, 50)",0.25,0.05011916160583496,8,False
DFS,"(50, 50)",0.25,0.9623143672943115,152,True
DFS,"(50, 50)",0.25,0.5742852687835693,131,True
DFS,"(50, 50)",0.25,1.2493529319763184,196,True
DFS,"(50, 50)",0.25,11.6078622341156,1861,False
DFS,"(50, 50)",0.25,0.8133692741394043,131,True
DFS,"(50, 50)",0.25,11.457655191421509,1845,False
DFS,"(50, 50)",0.25,0.9681882858276367,156,True
DFS,"(50, 50)",0.25,1.0831220149993896,175,True
DFS,"(50, 50)",0.25,0.940770149230957,152,True
DFS,"(50, 50)",0.25,0.7709681987762451,126,True
DFS,"(50, 50)",0.25,8.144200086593628,1854,False
DFS,"(50, 50)",0.25,0.7277414798736572,114,True
DFS,"(50, 50)",0.25,1.5937612056732178,355,True
DFS,"(50, 50)",0.25,0.9788906574249268,154,True
DFS,"(50, 50)",0.25,1.136589765548706,183,True
DFS,"(50, 50)",0.25,0.00913858413696289,3,False
DFS,"(50, 50)",0.25,0.8815550804138184,143,True
DFS,"(50, 50)",0.25,0.7937319278717041,128,True
DFS,"(50, 50)",0.25,0.5545499324798584,130,True
Dijkstra,"(50, 50)",0.25,11.49193787574768,1853,True
Dijkstra,"(50, 50)",0.25,7.990326642990112,1860,True
Dijkstra,"(50, 50)",0.25,11.57528042793274,1862,True
Dijkstra,"(50, 50)",0.25,11.468400955200195,1857,True
Dijkstra,"(50, 50)",0.25,0.059046268463134766,10,False
Dijkstra,"(50, 50)",0.25,0.021911144256591797,4,False
Dijkstra,"(50, 50)",0.25,8.043227672576904,1829,True
Dijkstra,"(50, 50)",0.25,11.536546468734741,1859,True
Dijkstra,"(50, 50)",0.25,0.046915292739868164,7,False
Dijkstra,"(50, 50)",0.25,11.525438070297241,1857,True
Dijkstra,"(50, 50)",0.25,11.517470836639404,1865,False
Dijkstra,"(50, 50)",0.25,0.03215765953063965,5,False
Dijkstra,"(50, 50)",0.25,8.174844026565552,1855,True
Dijkstra,"(50, 50)",0.25,11.318202495574951,1830,True
Dijkstra,"(50, 50)",0.25,8.17863154411316,1865,True
Dijkstra,"(50, 50)",0.25,11.372668266296387,1851,False
Dijkstra,"(50, 50)",0.25,11.446308612823486,1854,True
Dijkstra,"(50, 50)",0.25,8.114489316940308,1864,True
Dijkstra,"(50, 50)",0.25,11.426315307617188,1857,True
Dijkstra,"(50, 50)",0.25,11.459458351135254,1865,True
Dijkstra,"(50, 50)",0.25,8.061297178268433,1857,True
Dijkstra,"(50, 50)",0.25,11.524018049240112,1863,True
Dijkstra,"(50, 50)",0.25,11.517821788787842,1857,True
Dijkstra,"(50, 50)",0.25,0.054665327072143555,9,False
Dijkstra,"(50, 50)",0.25,11.458598375320435,1851,True
Dijkstra,"(50, 50)",0.25,8.143835306167603,1846,True
Dijkstra,"(50, 50)",0.25,11.56704592704773,1859,True
Dijkstra,"(50, 50)",0.25,0.007054567337036133,2,False
Dijkstra,"(50, 50)",0.25,8.197288036346436,1853,False
Dijkstra,"(50, 50)",0.25,11.35003924369812,1837,True
Dijkstra,"(50, 50)",0.25,0.014248132705688477,3,False
Dijkstra,"(50, 50)",0.25,8.09317135810852,1857,True
Dijkstra,"(50, 50)",0.25,0.008080244064331055,2,False
Dijkstra,"(50, 50)",0.25,0.007325649261474609,2,False
Dijkstra,"(50, 50)",0.25,11.5707266330719,1862,True
Dijkstra,"(50, 50)",0.25,0.00731968879699707,2,False
Dijkstra,"(50, 50)",0.25,11.633814334869385,1857,True
Dijkstra,"(50, 50)",0.25,11.559145212173462,1868,True
Dijkstra,"(50, 50)",0.25,11.46787691116333,1850,True
Dijkstra,"(50, 50)",0.25,0.009263277053833008,2,False
Dijkstra,"(50, 50)",0.25,8.211353778839111,1862,True
Dijkstra,"(50, 50)",0.25,11.505542039871216,1847,True
Dijkstra,"(50, 50)",0.25,11.504188537597656,1848,True
Dijkstra,"(50, 50)",0.25,0.012844085693359375,4,False
Dijkstra,"(50, 50)",0.25,0.03656315803527832,6,False
Dijkstra,"(50, 50)",0.25,11.50425100326538,1862,False
Dijkstra,"(50, 50)",0.25,8.21539044380188,1866,True
Dijkstra,"(50, 50)",0.25,11.56061053276062,1850,True
Dijkstra,"(50, 50)",0.25,11.58582854270935,1864,True
Dijkstra,"(50, 50)",0.25,8.09754467010498,1848,True
Dijkstra,"(50, 50)",0.25,11.515934467315674,1855,True
Dijkstra,"(50, 50)",0.25,8.14684510231018,1857,True
Dijkstra,"(50, 50)",0.25,0.03632068634033203,6,False
Dijkstra,"(50, 50)",0.25,8.154291152954102,1864,True
Dijkstra,"(50, 50)",0.25,0.020384788513183594,4,False
Dijkstra,"(50, 50)",0.25,8.201156616210938,1870,True
Dijkstra,"(50, 50)",0.25,11.482234954833984,1860,True
Dijkstra,"(50, 50)",0.25,11.412523984909058,1848,True
Dijkstra,"(50, 50)",0.25,11.530659675598145,1867,True
Dijkstra,"(50, 50)",0.25,8.063555002212524,1867,True
Dijkstra,"(50, 50)",0.25,11.54561710357666,1866,True
Dijkstra,"(50, 50)",0.25,11.537964344024658,1856,True
Dijkstra,"(50, 50)",0.25,11.547512769699097,1859,False
Dijkstra,"(50, 50)",0.25,8.155603885650635,1859,True
Dijkstra,"(50, 50)",0.25,11.407879114151001,1835,False
Dijkstra,"(50, 50)",0.25,7.963389158248901,1849,False
Dijkstra,"(50, 50)",0.25,11.5239577293396,1860,True
Dijkstra,"(50, 50)",0.25,11.539013624191284,1863,True
Dijkstra,"(50, 50)",0.25,0.0037970542907714844,2,False
Dijkstra,"(50, 50)",0.25,11.507476568222046,1852,True
Dijkstra,"(50, 50)",0.25,0.027433395385742188,7,False
Dijkstra,"(50, 50)",0.25,11.336624145507812,1851,True
Dijkstra,"(50, 50)",0.25,11.55251669883728,1868,True
Dijkstra,"(50, 50)",0.25,7.960528373718262,1852,True
Dijkstra,"(50, 50)",0.25,11.420848608016968,1853,True
Dijkstra,"(50, 50)",0.25,8.14267897605896,1861,True
Dijkstra,"(50, 50)",0.25,11.568556785583496,1865,False
Dijkstra,"(50, 50)",0.25,8.077564001083374,1851,True
Dijkstra,"(50, 50)",0.25,11.39495062828064,1830,True
Dijkstra,"(50, 50)",0.25,8.066797733306885,1862,True
Dijkstra,"(50, 50)",0.25,0.050263166427612305,8,False
Dijkstra,"(50, 50)",0.25,8.196390151977539,1861,True
Dijkstra,"(50, 50)",0.25,11.500925064086914,1854,True
Dijkstra,"(50, 50)",0.25,11.475321292877197,1859,True
Dijkstra,"(50, 50)",0.25,11.54505205154419,1861,False
Dijkstra,"(50, 50)",0.25,11.529399156570435,1864,True
Dijkstra,"(50, 50)",0.25,7.942347288131714,1845,False
Dijkstra,"(50, 50)",0.25,11.494215726852417,1853,True
Dijkstra,"(50, 50)",0.25,7.977157831192017,1864,True
Dijkstra,"(50, 50)",0.25,11.49581241607666,1849,True
Dijkstra,"(50, 50)",0.25,7.961482048034668,1856,True
Dijkstra,"(50, 50)",0.25,11.540170431137085,1854,False
Dijkstra,"(50, 50)",0.25,8.11570692062378,1854,True
Dijkstra,"(50, 50)",0.25,11.607976198196411,1863,True
Dijkstra,"(50, 50)",0.25,7.986448287963867,1856,True
Dijkstra,"(50, 50)",0.25,11.494930982589722,1857,True
Dijkstra,"(50, 50)",0.25,0.010938405990600586,3,False
Dijkstra,"(50, 50)",0.25,11.507100582122803,1863,True
Dijkstra,"(50, 50)",0.25,8.008773565292358,1853,True
Dijkstra,"(50, 50)",0.25,11.525898218154907,1862,True
GreedyBFS,"(50, 50)",0.25,0.8871562480926514,144,True
GreedyBFS,"(50, 50)",0.25,0.6053628921508789,143,True
GreedyBFS,"(50, 50)",0.25,0.9692254066467285,154,True
GreedyBFS,"(50, 50)",0.25,0.8600807189941406,198,True
GreedyBFS,"(50, 50)",0.25,0.05963492393493652,10,False
GreedyBFS,"(50, 50)",0.25,0.013595104217529297,4,False
GreedyBFS,"(50, 50)",0.25,0.900545597076416,141,True
GreedyBFS,"(50, 50)",0.25,0.501460075378418,111,True
GreedyBFS,"(50, 50)",0.25,0.042403221130371094,7,False
GreedyBFS,"(50, 50)",0.25,0.5517253875732422,127,True
GreedyBFS,"(50, 50)",0.25,11.550633907318115,1865,False
GreedyBFS,"(50, 50)",0.25,0.019165754318237305,5,False
GreedyBFS,"(50, 50)",0.25,0.8249974250793457,132,True
GreedyBFS,"(50, 50)",0.25,0.6306135654449463,139,True
GreedyBFS,"(50, 50)",0.25,0.8965492248535156,140,True
GreedyBFS,"(50, 50)",0.25,11.468102216720581,1851,False
GreedyBFS,"(50, 50)",0.25,0.6209473609924316,147,True
GreedyBFS,"(50, 50)",0.25,0.8860049247741699,140,True
GreedyBFS,"(50, 50)",0.25,0.5180933475494385,121,True
GreedyBFS,"(50, 50)",0.25,0.8436777591705322,133,True
GreedyBFS,"(50, 50)",0.25,0.6287543773651123,146,True
GreedyBFS,"(50, 50)",0.25,1.1882407665252686,187,True
GreedyBFS,"(50, 50)",0.25,0.6127042770385742,139,True
GreedyBFS,"(50, 50)",0.25,0.05844449996948242,9,False
GreedyBFS,"(50, 50)",0.25,0.7716109752655029,119,True
GreedyBFS,"(50, 50)",0.25,0.5977120399475098,134,True
GreedyBFS,"(50, 50)",0.25,1.0550565719604492,165,True
GreedyBFS,"(50, 50)",0.25,0.006033897399902344,2,False
GreedyBFS,"(50, 50)",0.25,11.560273170471191,1853,False
GreedyBFS,"(50, 50)",0.25,0.9206812381744385,148,True
GreedyBFS,"(50, 50)",0.25,0.012725114822387695,3,False
GreedyBFS,"(50, 50)",0.25,0.5156552791595459,120,True
GreedyBFS,"(50, 50)",0.25,0.006380319595336914,2,False
GreedyBFS,"(50, 50)",0.25,0.006624937057495117,2,False
GreedyBFS,"(50, 50)",0.25,0.6148042678833008,141,True
GreedyBFS,"(50, 50)",0.25,0.006914377212524414,2,False
GreedyBFS,"(50, 50)",0.25,0.6669976711273193,148,True
GreedyBFS,"(50, 50)",0.25,0.8405654430389404,131,True
GreedyBFS,"(50, 50)",0.25,0.7160074710845947,168,True
GreedyBFS,"(50, 50)",0.25,0.007830381393432617,2,False
GreedyBFS,"(50, 50)",0.25,0.598731279373169,135,True
GreedyBFS,"(50, 50)",0.25,1.166717290878296,185,True
GreedyBFS,"(50, 50)",0.25,0.6945691108703613,166,True
GreedyBFS,"(50, 50)",0.25,0.02184772491455078,4,False
GreedyBFS,"(50, 50)",0.25,0.02798628807067871,6,False
GreedyBFS,"(50, 50)",0.25,11.563950538635254,1862,False
GreedyBFS,"(50, 50)",0.25,0.4855186939239502,115,True
GreedyBFS,"(50, 50)",0.25,1.110447645187378,175,True
GreedyBFS,"(50, 50)",0.25,0.5178117752075195,120,True
GreedyBFS,"(50, 50)",0.25,1.502563238143921,239,True
GreedyBFS,"(50, 50)",0.25,0.9785559177398682,157,True
GreedyBFS,"(50, 50)",0.25,0.8303768634796143,189,True
GreedyBFS,"(50, 50)",0.25,0.03496432304382324,6,False
GreedyBFS,"(50, 50)",0.25,0.6756703853607178,153,True
GreedyBFS,"(50, 50)",0.25,0.022530317306518555,4,False
GreedyBFS,"(50, 50)",0.25,0.5236103534698486,119,True
GreedyBFS,"(50, 50)",0.25,0.7966725826263428,125,True
GreedyBFS,"(50, 50)",0.25,0.8897011280059814,143,True
GreedyBFS,"(50, 50)",0.25,0.5210926532745361,125,True
GreedyBFS,"(50, 50)",0.25,0.9781227111816406,154,True
GreedyBFS,"(50, 50)",0.25,0.7528104782104492,120,True
GreedyBFS,"(50, 50)",0.25,0.8709933757781982,140,True
GreedyBFS,"(50, 50)",0.25,8.006933689117432,1859,False
GreedyBFS,"(50, 50)",0.25,0.8589382171630859,133,True
GreedyBFS,"(50, 50)",0.25,8.080573797225952,1835,False
GreedyBFS,"(50, 50)",0.25,11.477928638458252,1849,False
GreedyBFS,"(50, 50)",0.25,0.5400135517120361,128,True
GreedyBFS,"(50, 50)",0.25,0.8711955547332764,135,True
GreedyBFS,"(50, 50)",0.25,0.006075382232666016,2,False
GreedyBFS,"(50, 50)",0.25,0.8543341159820557,136,True
GreedyBFS,"(50, 50)",0.25,0.04005098342895508,7,False
GreedyBFS,"(50, 50)",0.25,0.8669235706329346,137,True
GreedyBFS,"(50, 50)",0.25,0.9164161682128906,209,True
GreedyBFS,"(50, 50)",0.25,1.022202968597412,161,True
GreedyBFS,"(50, 50)",0.25,0.5479474067687988,128,True
GreedyBFS,"(50, 50)",0.25,0.879986047744751,139,True
GreedyBFS,"(50, 50)",0.25,8.209681987762451,1865,False
GreedyBFS,"(50, 50)",0.25,0.8817405700683594,139,True
GreedyBFS,"(50, 50)",0.25,0.89198899269104,144,True
GreedyBFS,"(50, 50)",0.25,0.7878901958465576,127,True
GreedyBFS,"(50, 50)",0.25,0.03432035446166992,8,False
GreedyBFS,"(50, 50)",0.25,1.0854811668395996,175,True
GreedyBFS,"(50, 50)",0.25,0.8804342746734619,142,True
GreedyBFS,"(50, 50)",0.25,0.9021172523498535,145,True
GreedyBFS,"(50, 50)",0.25,11.588149309158325,1861,False
GreedyBFS,"(50, 50)",0.25,1.356586217880249,213,True
GreedyBFS,"(50, 50)",0.25,11.353108644485474,1845,False
GreedyBFS,"(50, 50)",0.25,0.9781472682952881,158,True
GreedyBFS,"(50, 50)",0.25,1.093078851699829,176,True
GreedyBFS,"(50, 50)",0.25,0.6312956809997559,149,True
GreedyBFS,"(50, 50)",0.25,0.8602311611175537,136,True
GreedyBFS,"(50, 50)",0.25,8.121439695358276,1854,False
GreedyBFS,"(50, 50)",0.25,1.041318416595459,164,True
GreedyBFS,"(50, 50)",0.25,0.7071921825408936,160,True
GreedyBFS,"(50, 50)",0.25,1.1315035820007324,176,True
GreedyBFS,"(50, 50)",0.25,0.7648932933807373,176,True
GreedyBFS,"(50, 50)",0.25,0.013318538665771484,3,False
GreedyBFS,"(50, 50)",0.25,0.5576748847961426,124,True
GreedyBFS,"(50, 50)",0.25,0.8396432399749756,131,True
GreedyBFS,"(50, 50)",0.25,0.6090307235717773,138,True
AStar,"(50, 50)",0.25,5.210176706314087,833,True
AStar,"(50, 50)",0.25,3.612678050994873,836,True
AStar,"(50, 50)",0.25,5.892126798629761,942,True
AStar,"(50, 50)",0.25,3.924970865249634,908,True
AStar,"(50, 50)",0.25,0.06109428405761719,10,False
AStar,"(50, 50)",0.25,0.01638507843017578,4,False
AStar,"(50, 50)",0.25,7.447189092636108,1195,True
AStar,"(50, 50)",0.25,3.6690351963043213,850,True
AStar,"(50, 50)",0.25,0.04249405860900879,7,False
AStar,"(50, 50)",0.25,4.026853561401367,914,True
AStar,"(50, 50)",0.25,11.555393934249878,1865,False
AStar,"(50, 50)",0.25,0.027794361114501953,5,False
AStar,"(50, 50)",0.25,2.702332019805908,622,True
AStar,"(50, 50)",0.25,3.6429457664489746,585,True
AStar,"(50, 50)",0.25,5.066919326782227,817,True
AStar,"(50, 50)",0.25,8.010604619979858,1851,False
AStar,"(50, 50)",0.25,4.51209831237793,717,True
AStar,"(50, 50)",0.25,5.188036680221558,833,True
AStar,"(50, 50)",0.25,5.035314559936523,814,True
AStar,"(50, 50)",0.25,3.228199005126953,756,True
AStar,"(50, 50)",0.25,3.0302391052246094,487,True
AStar,"(50, 50)",0.25,3.6945297718048096,867,True
AStar,"(50, 50)",0.25,6.307726860046387,1005,True
AStar,"(50, 50)",0.25,0.0382997989654541,9,False
AStar,"(50, 50)",0.25,5.952837705612183,953,True
AStar,"(50, 50)",0.25,4.540382385253906,741,True
AStar,"(50, 50)",0.25,3.0509629249572754,705,True
AStar,"(50, 50)",0.25,0.0066585540771484375,2,False
AStar,"(50, 50)",0.25,11.558313131332397,1853,False
AStar,"(50, 50)",0.25,2.818256378173828,656,True
AStar,"(50, 50)",0.25,0.01293635368347168,3,False
AStar,"(50, 50)",0.25,4.47361159324646,1017,True
AStar,"(50, 50)",0.25,0.008146286010742188,2,False
AStar,"(50, 50)",0.25,0.00406193733215332,2,False
AStar,"(50, 50)",0.25,6.248536825180054,1012,True
AStar,"(50, 50)",0.25,0.003954887390136719,2,False
AStar,"(50, 50)",0.25,3.1309235095977783,716,True
AStar,"(50, 50)",0.25,4.335596084594727,688,True
AStar,"(50, 50)",0.25,4.684610843658447,1103,True
AStar,"(50, 50)",0.25,0.008155584335327148,2,False
AStar,"(50, 50)",0.25,5.065603971481323,1141,True
AStar,"(50, 50)",0.25,5.288781404495239,853,True
AStar,"(50, 50)",0.25,2.985421657562256,688,True
AStar,"(50, 50)",0.25,0.02113032341003418,4,False
AStar,"(50, 50)",0.25,0.02503824234008789,6,False
AStar,"(50, 50)",0.25,11.496509552001953,1862,False
AStar,"(50, 50)",0.25,4.805378437042236,774,True
AStar,"(50, 50)",0.25,4.354980230331421,704,True
AStar,"(50, 50)",0.25,6.215140342712402,1004,True
AStar,"(50, 50)",0.25,4.024409532546997,939,True
AStar,"(50, 50)",0.25,6.455054759979248,1041,True
AStar,"(50, 50)",0.25,4.092711925506592,667,True
AStar,"(50, 50)",0.25,0.02375340461730957,6,False
AStar,"(50, 50)",0.25,4.597795724868774,742,True
AStar,"(50, 50)",0.25,0.015533447265625,4,False
AStar,"(50, 50)",0.25,5.171883583068848,831,True
AStar,"(50, 50)",0.25,5.725522994995117,918,True
AStar,"(50, 50)",0.25,4.273671388626099,991,True
AStar,"(50, 50)",0.25,6.307584047317505,1015,True
AStar,"(50, 50)",0.25,4.8247902393341064,1129,True
AStar,"(50, 50)",0.25,5.6503565311431885,907,True
AStar,"(50, 50)",0.25,2.932734489440918,473,True
AStar,"(50, 50)",0.25,8.020942211151123,1859,False
AStar,"(50, 50)",0.25,5.76838755607605,933,True
AStar,"(50, 50)",0.25,7.960297584533691,1835,False
AStar,"(50, 50)",0.25,11.468325853347778,1849,False
AStar,"(50, 50)",0.25,4.632325649261475,1061,True
AStar,"(50, 50)",0.25,7.993370056152344,944,True
AStar,"(50, 50)",0.25,0.004081010818481445,2,False
AStar,"(50, 50)",0.25,3.2650885581970215,751,True
AStar,"(50, 50)",0.25,0.040177345275878906,7,False
AStar,"(50, 50)",0.25,4.037751197814941,916,True
AStar,"(50, 50)",0.25,6.747796058654785,1083,True
AStar,"(50, 50)",0.25,3.649325132369995,853,True
AStar,"(50, 50)",0.25,7.256620645523071,1168,True
AStar,"(50, 50)",0.25,4.372589588165283,1012,True
AStar,"(50, 50)",0.25,11.611767292022705,1865,False
AStar,"(50, 50)",0.25,3.6038761138916016,835,True
AStar,"(50, 50)",0.25,5.589779376983643,893,True
AStar,"(50, 50)",0.25,4.4936745166778564,1043,True
AStar,"(50, 50)",0.25,0.07136678695678711,8,False
AStar,"(50, 50)",0.25,2.214202404022217,500,True
AStar,"(50, 50)",0.25,4.530210494995117,730,True
AStar,"(50, 50)",0.25,3.6617321968078613,867,True
AStar,"(50, 50)",0.25,11.6002037525177,1861,False
AStar,"(50, 50)",0.25,5.735112428665161,1313,True
AStar,"(50, 50)",0.25,16.039081811904907,1845,False
AStar,"(50, 50)",0.25,4.1223344802856445,944,True
AStar,"(50, 50)",0.25,6.262054204940796,1013,True
AStar,"(50, 50)",0.25,2.8521947860717773,671,True
AStar,"(50, 50)",0.25,5.395279407501221,866,True
AStar,"(50, 50)",0.25,7.995735168457031,1854,False
AStar,"(50, 50)",0.25,4.424615859985352,712,True
AStar,"(50, 50)",0.25,4.538330078125,1049,True
AStar,"(50, 50)",0.25,3.726560354232788,603,True
AStar,"(50, 50)",0.25,3.136676073074341,725,True
AStar,"(50, 50)",0.25,0.013654708862304688,3,False
AStar,"(50, 50)",0.25,4.910358667373657,1122,True
AStar,"(50, 50)",0.25,3.648096799850464,581,True
AStar,"(50, 50)",0.25,4.825286149978638,780,True
