algorithm,board_size,elapsed_time,steps,path_found,total_cost
BFS,"(10, 10)",0.10191226005554199,76,True,44.0
BFS,"(10, 10)",0.10418057441711426,79,True,42.0
BFS,"(10, 10)",0.08050680160522461,62,True,45.0
BFS,"(10, 10)",0.08242917060852051,65,True,43.0
BFS,"(10, 10)",0.08087301254272461,66,True,39.0
BFS,"(10, 10)",0.08054828643798828,45,True,35.0
BFS,"(10, 10)",0.09559035301208496,73,True,47.0
BFS,"(10, 10)",0.0665276050567627,52,True,inf
BFS,"(10, 10)",0.09568166732788086,72,True,inf
BFS,"(10, 10)",0.07892322540283203,60,True,inf
BFS,"(10, 10)",0.0965418815612793,78,True,38.0
BFS,"(10, 10)",0.04732227325439453,36,True,inf
BFS,"(10, 10)",0.08149218559265137,64,True,33.0
BFS,"(10, 10)",0.10095500946044922,78,True,44.0
BFS,"(10, 10)",0.10273623466491699,60,True,47.0
BFS,"(10, 10)",0.0789041519165039,58,True,inf
BFS,"(10, 10)",0.0700531005859375,50,True,42.0
BFS,"(10, 10)",0.08128476142883301,61,True,38.0
BFS,"(10, 10)",0.0942537784576416,75,True,inf
BFS,"(10, 10)",0.09168648719787598,72,True,inf
BFS,"(10, 10)",0.0958247184753418,82,True,24.0
BFS,"(10, 10)",0.0796351432800293,64,True,inf
BFS,"(10, 10)",0.09724545478820801,76,True,39.0
BFS,"(10, 10)",0.05694985389709473,46,True,32.0
BFS,"(10, 10)",0.08806777000427246,70,True,32.0
BFS,"(10, 10)",0.1321110725402832,73,True,37.0
BFS,"(10, 10)",0.06592392921447754,58,True,25.0
BFS,"(10, 10)",0.04997587203979492,42,True,49.0
BFS,"(10, 10)",0.1101996898651123,86,True,47.0
BFS,"(10, 10)",0.07826995849609375,61,True,34.0
BFS,"(10, 10)",0.10826492309570312,82,True,inf
BFS,"(10, 10)",0.08348989486694336,68,True,inf
BFS,"(10, 10)",0.053818702697753906,47,True,35.0
BFS,"(10, 10)",0.08708357810974121,74,True,44.0
BFS,"(10, 10)",0.0778191089630127,63,True,38.0
BFS,"(10, 10)",0.08783459663391113,76,True,40.0
BFS,"(10, 10)",0.08530044555664062,72,True,32.0
BFS,"(10, 10)",0.07942557334899902,64,True,inf
BFS,"(10, 10)",0.06494903564453125,56,True,47.0
BFS,"(10, 10)",0.08932614326477051,75,True,42.0
BFS,"(10, 10)",0.0889585018157959,75,True,34.0
BFS,"(10, 10)",0.08869409561157227,77,True,35.0
BFS,"(10, 10)",0.0790863037109375,65,True,43.0
BFS,"(10, 10)",0.10426664352416992,74,True,40.0
BFS,"(10, 10)",0.10408663749694824,85,True,inf
BFS,"(10, 10)",0.05855154991149902,51,True,43.0
BFS,"(10, 10)",0.0639657974243164,58,True,35.0
BFS,"(10, 10)",0.06661224365234375,56,True,59.0
BFS,"(10, 10)",0.054039716720581055,45,True,37.0
BFS,"(10, 10)",0.059363603591918945,49,True,inf
BFS,"(10, 10)",0.04813265800476074,43,True,inf
BFS,"(10, 10)",0.08315324783325195,75,True,31.0
BFS,"(10, 10)",0.06440591812133789,58,True,40.0
BFS,"(10, 10)",0.08961844444274902,78,True,inf
BFS,"(10, 10)",0.07829546928405762,68,True,29.0
BFS,"(10, 10)",0.09128928184509277,81,True,33.0
BFS,"(10, 10)",0.08195376396179199,71,True,42.0
BFS,"(10, 10)",0.059594154357910156,56,True,29.0
BFS,"(10, 10)",0.09000682830810547,78,True,32.0
BFS,"(10, 10)",0.06413722038269043,56,True,inf
BFS,"(10, 10)",0.0830526351928711,72,True,39.0
BFS,"(10, 10)",0.09841656684875488,55,True,36.0
BFS,"(10, 10)",0.07921504974365234,65,True,36.0
BFS,"(10, 10)",0.07712674140930176,66,True,40.0
BFS,"(10, 10)",0.04893946647644043,45,True,35.0
BFS,"(10, 10)",0.056203365325927734,50,True,41.0
BFS,"(10, 10)",0.08040976524353027,71,True,23.0
BFS,"(10, 10)",0.0667715072631836,60,True,37.0
BFS,"(10, 10)",0.07012176513671875,61,True,37.0
BFS,"(10, 10)",0.08329963684082031,72,True,44.0
BFS,"(10, 10)",0.09351897239685059,77,True,22.0
BFS,"(10, 10)",0.06395411491394043,58,True,34.0
BFS,"(10, 10)",0.07935237884521484,67,True,36.0
BFS,"(10, 10)",0.06935334205627441,65,True,inf
BFS,"(10, 10)",0.0888071060180664,75,True,32.0
BFS,"(10, 10)",0.09120059013366699,79,True,inf
BFS,"(10, 10)",0.11326050758361816,67,True,28.0
BFS,"(10, 10)",0.09296345710754395,83,True,36.0
BFS,"(10, 10)",0.0830068588256836,75,True,34.0
BFS,"(10, 10)",0.07356786727905273,62,True,39.0
BFS,"(10, 10)",0.07282662391662598,64,True,40.0
BFS,"(10, 10)",0.06885504722595215,57,True,40.0
BFS,"(10, 10)",0.056470632553100586,53,True,31.0
BFS,"(10, 10)",0.0623323917388916,52,True,34.0
BFS,"(10, 10)",0.08276247978210449,77,True,38.0
BFS,"(10, 10)",0.03477072715759277,37,True,49.0
BFS,"(10, 10)",0.08116364479064941,70,True,52.0
BFS,"(10, 10)",0.058728694915771484,56,True,49.0
BFS,"(10, 10)",0.07097339630126953,62,True,36.0
BFS,"(10, 10)",0.06527090072631836,62,True,inf
BFS,"(10, 10)",0.06896495819091797,51,True,31.0
BFS,"(10, 10)",0.07166838645935059,66,True,40.0
BFS,"(10, 10)",0.0673825740814209,60,True,28.0
BFS,"(10, 10)",0.10360574722290039,83,True,43.0
BFS,"(10, 10)",0.07563447952270508,71,True,39.0
BFS,"(10, 10)",0.08966875076293945,74,True,43.0
BFS,"(10, 10)",0.052469491958618164,53,True,44.0
BFS,"(10, 10)",0.08892822265625,78,True,27.0
BFS,"(10, 10)",0.04311656951904297,42,True,46.0
BFS,"(10, 10)",0.07067656517028809,67,True,37.0
DFS,"(10, 10)",0.02497076988220215,19,True,38.0
DFS,"(10, 10)",0.02066493034362793,20,True,38.0
DFS,"(10, 10)",0.016288280487060547,19,True,35.0
DFS,"(10, 10)",0.021065711975097656,20,True,41.0
DFS,"(10, 10)",0.02552652359008789,25,True,45.0
DFS,"(10, 10)",0.01915884017944336,19,True,35.0
DFS,"(10, 10)",0.048821210861206055,19,True,48.0
DFS,"(10, 10)",0.023230552673339844,19,True,inf
DFS,"(10, 10)",0.050882577896118164,46,True,inf
DFS,"(10, 10)",0.030773162841796875,29,True,inf
DFS,"(10, 10)",0.04070472717285156,37,True,48.0
DFS,"(10, 10)",0.028041601181030273,22,True,inf
DFS,"(10, 10)",0.020168066024780273,19,True,30.0
DFS,"(10, 10)",0.02807903289794922,27,True,37.0
DFS,"(10, 10)",0.035684823989868164,35,True,47.0
DFS,"(10, 10)",0.026539087295532227,28,True,inf
DFS,"(10, 10)",0.02079153060913086,19,True,40.0
DFS,"(10, 10)",0.03174877166748047,29,True,40.0
DFS,"(10, 10)",0.023276805877685547,19,True,inf
DFS,"(10, 10)",0.022797584533691406,19,True,inf
DFS,"(10, 10)",0.025092363357543945,24,True,41.0
DFS,"(10, 10)",0.02923297882080078,24,True,inf
DFS,"(10, 10)",0.020746469497680664,19,True,45.0
DFS,"(10, 10)",0.020000457763671875,19,True,38.0
DFS,"(10, 10)",0.04086017608642578,36,True,31.0
DFS,"(10, 10)",0.03053736686706543,25,True,48.0
DFS,"(10, 10)",0.022245407104492188,20,True,34.0
DFS,"(10, 10)",0.030324220657348633,25,True,58.0
DFS,"(10, 10)",0.022777557373046875,19,True,39.0
DFS,"(10, 10)",0.026361703872680664,23,True,39.0
DFS,"(10, 10)",0.022100448608398438,19,True,inf
DFS,"(10, 10)",0.030748367309570312,28,True,inf
DFS,"(10, 10)",0.026541471481323242,25,True,36.0
DFS,"(10, 10)",0.026965856552124023,21,True,25.0
DFS,"(10, 10)",0.028735637664794922,21,True,40.0
DFS,"(10, 10)",0.0322117805480957,29,True,56.0
DFS,"(10, 10)",0.05238962173461914,40,True,31.0
DFS,"(10, 10)",0.023578405380249023,22,True,inf
DFS,"(10, 10)",0.025879859924316406,23,True,62.0
DFS,"(10, 10)",0.0204775333404541,19,True,29.0
DFS,"(10, 10)",0.021354198455810547,19,True,42.0
DFS,"(10, 10)",0.0221865177154541,23,True,46.0
DFS,"(10, 10)",0.02859020233154297,29,True,49.0
DFS,"(10, 10)",0.06548070907592773,35,True,61.0
DFS,"(10, 10)",0.020638227462768555,19,True,inf
DFS,"(10, 10)",0.02023148536682129,21,True,45.0
DFS,"(10, 10)",0.031144142150878906,25,True,43.0
DFS,"(10, 10)",0.03017902374267578,30,True,59.0
DFS,"(10, 10)",0.020456790924072266,21,True,46.0
DFS,"(10, 10)",0.023207902908325195,23,True,inf
DFS,"(10, 10)",0.033608198165893555,25,True,inf
DFS,"(10, 10)",0.026564598083496094,22,True,34.0
DFS,"(10, 10)",0.04364895820617676,37,True,37.0
DFS,"(10, 10)",0.018096208572387695,19,True,inf
DFS,"(10, 10)",0.016356229782104492,19,True,37.0
DFS,"(10, 10)",0.019331932067871094,19,True,35.0
DFS,"(10, 10)",0.023106813430786133,21,True,44.0
DFS,"(10, 10)",0.02749490737915039,30,True,31.0
DFS,"(10, 10)",0.022176504135131836,20,True,37.0
DFS,"(10, 10)",0.02361273765563965,21,True,inf
DFS,"(10, 10)",0.0202329158782959,20,True,37.0
DFS,"(10, 10)",0.023232221603393555,19,True,39.0
DFS,"(10, 10)",0.019445180892944336,19,True,35.0
DFS,"(10, 10)",0.021355390548706055,19,True,42.0
DFS,"(10, 10)",0.021268844604492188,19,True,36.0
DFS,"(10, 10)",0.020311594009399414,21,True,34.0
DFS,"(10, 10)",0.05595731735229492,47,True,37.0
DFS,"(10, 10)",0.018891334533691406,20,True,25.0
DFS,"(10, 10)",0.03120708465576172,25,True,46.0
DFS,"(10, 10)",0.016401290893554688,19,True,31.0
DFS,"(10, 10)",0.03339266777038574,32,True,27.0
DFS,"(10, 10)",0.02072620391845703,19,True,35.0
DFS,"(10, 10)",0.016377687454223633,19,True,29.0
DFS,"(10, 10)",0.028775930404663086,30,True,inf
DFS,"(10, 10)",0.029436826705932617,31,True,43.0
DFS,"(10, 10)",0.020794153213500977,23,True,inf
DFS,"(10, 10)",0.031124353408813477,30,True,24.0
DFS,"(10, 10)",0.02044391632080078,19,True,38.0
DFS,"(10, 10)",0.0214080810546875,20,True,39.0
DFS,"(10, 10)",0.022866249084472656,23,True,41.0
DFS,"(10, 10)",0.024485111236572266,24,True,43.0
DFS,"(10, 10)",0.022426843643188477,21,True,33.0
DFS,"(10, 10)",0.029218196868896484,20,True,44.0
DFS,"(10, 10)",0.022031068801879883,20,True,44.0
DFS,"(10, 10)",0.025478601455688477,21,True,40.0
DFS,"(10, 10)",0.030356645584106445,29,True,48.0
DFS,"(10, 10)",0.022246837615966797,20,True,46.0
DFS,"(10, 10)",0.02163529396057129,21,True,35.0
DFS,"(10, 10)",0.025699377059936523,24,True,57.0
DFS,"(10, 10)",0.02324986457824707,22,True,inf
DFS,"(10, 10)",0.030914306640625,31,True,31.0
DFS,"(10, 10)",0.016701459884643555,19,True,42.0
DFS,"(10, 10)",0.020820140838623047,19,True,32.0
DFS,"(10, 10)",0.021370410919189453,20,True,41.0
DFS,"(10, 10)",0.026633501052856445,22,True,38.0
DFS,"(10, 10)",0.020262956619262695,19,True,44.0
DFS,"(10, 10)",0.025408029556274414,24,True,45.0
DFS,"(10, 10)",0.032302141189575195,33,True,34.0
DFS,"(10, 10)",0.02033400535583496,19,True,50.0
DFS,"(10, 10)",0.03208017349243164,28,True,42.0
Dijkstra,"(10, 10)",0.08697509765625,77,True,36.0
Dijkstra,"(10, 10)",0.10688042640686035,76,True,31.0
Dijkstra,"(10, 10)",0.06095457077026367,59,True,29.0
Dijkstra,"(10, 10)",0.08369708061218262,64,True,35.0
Dijkstra,"(10, 10)",0.06792545318603516,66,True,35.0
Dijkstra,"(10, 10)",0.053972721099853516,47,True,33.0
Dijkstra,"(10, 10)",0.07514739036560059,73,True,45.0
Dijkstra,"(10, 10)",0.05734658241271973,52,True,inf
Dijkstra,"(10, 10)",0.0817108154296875,66,True,inf
Dijkstra,"(10, 10)",0.06875967979431152,60,True,inf
Dijkstra,"(10, 10)",0.09628558158874512,78,True,35.0
Dijkstra,"(10, 10)",0.05300188064575195,42,True,inf
Dijkstra,"(10, 10)",0.07327723503112793,62,True,22.0
Dijkstra,"(10, 10)",0.09255647659301758,78,True,33.0
Dijkstra,"(10, 10)",0.06135416030883789,52,True,43.0
Dijkstra,"(10, 10)",0.06873798370361328,59,True,inf
Dijkstra,"(10, 10)",0.08264374732971191,51,True,40.0
Dijkstra,"(10, 10)",0.06615185737609863,54,True,33.0
Dijkstra,"(10, 10)",0.0838770866394043,71,True,inf
Dijkstra,"(10, 10)",0.08085894584655762,73,True,inf
Dijkstra,"(10, 10)",0.09363889694213867,82,True,24.0
Dijkstra,"(10, 10)",0.06492161750793457,61,True,inf
Dijkstra,"(10, 10)",0.09077596664428711,76,True,38.0
Dijkstra,"(10, 10)",0.05536055564880371,47,True,32.0
Dijkstra,"(10, 10)",0.08325004577636719,71,True,29.0
Dijkstra,"(10, 10)",0.08199214935302734,73,True,31.0
Dijkstra,"(10, 10)",0.053252458572387695,55,True,22.0
Dijkstra,"(10, 10)",0.04579925537109375,43,True,47.0
Dijkstra,"(10, 10)",0.1301581859588623,85,True,38.0
Dijkstra,"(10, 10)",0.06559109687805176,59,True,27.0
Dijkstra,"(10, 10)",0.08757615089416504,79,True,inf
Dijkstra,"(10, 10)",0.07524299621582031,69,True,inf
Dijkstra,"(10, 10)",0.04834938049316406,47,True,35.0
Dijkstra,"(10, 10)",0.07994866371154785,70,True,23.0
Dijkstra,"(10, 10)",0.06365680694580078,63,True,36.0
Dijkstra,"(10, 10)",0.09134268760681152,77,True,38.0
Dijkstra,"(10, 10)",0.08453965187072754,72,True,29.0
Dijkstra,"(10, 10)",0.07933306694030762,65,True,inf
Dijkstra,"(10, 10)",0.07061433792114258,65,True,41.0
Dijkstra,"(10, 10)",0.09147834777832031,75,True,29.0
Dijkstra,"(10, 10)",0.08829116821289062,75,True,30.0
Dijkstra,"(10, 10)",0.08571004867553711,77,True,25.0
Dijkstra,"(10, 10)",0.09682130813598633,64,True,43.0
Dijkstra,"(10, 10)",0.07903647422790527,75,True,40.0
Dijkstra,"(10, 10)",0.09288263320922852,84,True,inf
Dijkstra,"(10, 10)",0.0572819709777832,49,True,34.0
Dijkstra,"(10, 10)",0.06116533279418945,59,True,30.0
Dijkstra,"(10, 10)",0.06165599822998047,61,True,59.0
Dijkstra,"(10, 10)",0.061363935470581055,46,True,36.0
Dijkstra,"(10, 10)",0.055495500564575195,49,True,inf
Dijkstra,"(10, 10)",0.046605825424194336,45,True,inf
Dijkstra,"(10, 10)",0.07209253311157227,72,True,29.0
Dijkstra,"(10, 10)",0.059216976165771484,57,True,37.0
Dijkstra,"(10, 10)",0.09729266166687012,76,True,inf
Dijkstra,"(10, 10)",0.08401656150817871,68,True,26.0
Dijkstra,"(10, 10)",0.08621668815612793,81,True,31.0
Dijkstra,"(10, 10)",0.07631397247314453,71,True,36.0
Dijkstra,"(10, 10)",0.06898283958435059,54,True,27.0
Dijkstra,"(10, 10)",0.09037089347839355,78,True,30.0
Dijkstra,"(10, 10)",0.06193137168884277,57,True,inf
Dijkstra,"(10, 10)",0.07744240760803223,70,True,30.0
Dijkstra,"(10, 10)",0.07350468635559082,55,True,33.0
Dijkstra,"(10, 10)",0.07964515686035156,64,True,31.0
Dijkstra,"(10, 10)",0.08297252655029297,66,True,37.0
Dijkstra,"(10, 10)",0.07543492317199707,45,True,35.0
Dijkstra,"(10, 10)",0.0782313346862793,53,True,33.0
Dijkstra,"(10, 10)",0.09367895126342773,69,True,23.0
Dijkstra,"(10, 10)",0.06794166564941406,48,True,25.0
Dijkstra,"(10, 10)",0.07947373390197754,62,True,33.0
Dijkstra,"(10, 10)",0.09862875938415527,69,True,31.0
Dijkstra,"(10, 10)",0.10032153129577637,72,True,20.0
Dijkstra,"(10, 10)",0.07327413558959961,58,True,33.0
Dijkstra,"(10, 10)",0.07941102981567383,65,True,25.0
Dijkstra,"(10, 10)",0.09521293640136719,65,True,inf
Dijkstra,"(10, 10)",0.09906435012817383,74,True,31.0
Dijkstra,"(10, 10)",0.1317274570465088,76,True,inf
Dijkstra,"(10, 10)",0.08080863952636719,66,True,20.0
Dijkstra,"(10, 10)",0.10353827476501465,83,True,26.0
Dijkstra,"(10, 10)",0.09285640716552734,74,True,32.0
Dijkstra,"(10, 10)",0.0866098403930664,62,True,35.0
Dijkstra,"(10, 10)",0.07062292098999023,64,True,37.0
Dijkstra,"(10, 10)",0.05629253387451172,58,True,29.0
Dijkstra,"(10, 10)",0.052658796310424805,50,True,30.0
Dijkstra,"(10, 10)",0.0552830696105957,53,True,34.0
Dijkstra,"(10, 10)",0.0783834457397461,77,True,35.0
Dijkstra,"(10, 10)",0.04021739959716797,37,True,47.0
Dijkstra,"(10, 10)",0.07685041427612305,71,True,45.0
Dijkstra,"(10, 10)",0.06712913513183594,52,True,33.0
Dijkstra,"(10, 10)",0.07685208320617676,70,True,36.0
Dijkstra,"(10, 10)",0.07849955558776855,58,True,inf
Dijkstra,"(10, 10)",0.05192828178405762,51,True,29.0
Dijkstra,"(10, 10)",0.08419084548950195,65,True,35.0
Dijkstra,"(10, 10)",0.059823036193847656,57,True,28.0
Dijkstra,"(10, 10)",0.11141014099121094,83,True,29.0
Dijkstra,"(10, 10)",0.073822021484375,68,True,24.0
Dijkstra,"(10, 10)",0.08453559875488281,76,True,40.0
Dijkstra,"(10, 10)",0.05453181266784668,52,True,35.0
Dijkstra,"(10, 10)",0.08066177368164062,78,True,23.0
Dijkstra,"(10, 10)",0.04431915283203125,43,True,42.0
Dijkstra,"(10, 10)",0.06580996513366699,67,True,33.0
GBFS,"(10, 10)",0.024783611297607422,23,True,48.0
GBFS,"(10, 10)",0.02477431297302246,19,True,42.0
GBFS,"(10, 10)",0.02458953857421875,19,True,45.0
GBFS,"(10, 10)",0.022526264190673828,20,True,43.0
GBFS,"(10, 10)",0.020717859268188477,23,True,39.0
GBFS,"(10, 10)",0.024126052856445312,25,True,38.0
GBFS,"(10, 10)",0.053850412368774414,52,True,62.0
GBFS,"(10, 10)",0.028421878814697266,27,True,inf
GBFS,"(10, 10)",0.02391672134399414,19,True,inf
GBFS,"(10, 10)",0.023395538330078125,23,True,inf
GBFS,"(10, 10)",0.035892486572265625,27,True,38.0
GBFS,"(10, 10)",0.029704570770263672,26,True,inf
GBFS,"(10, 10)",0.027021408081054688,24,True,41.0
GBFS,"(10, 10)",0.029843807220458984,23,True,44.0
GBFS,"(10, 10)",0.03086066246032715,26,True,47.0
GBFS,"(10, 10)",0.025341510772705078,19,True,inf
GBFS,"(10, 10)",0.029250383377075195,29,True,55.0
GBFS,"(10, 10)",0.022542238235473633,19,True,38.0
GBFS,"(10, 10)",0.025666236877441406,19,True,inf
GBFS,"(10, 10)",0.05871176719665527,46,True,inf
GBFS,"(10, 10)",0.022533178329467773,19,True,24.0
GBFS,"(10, 10)",0.032843589782714844,24,True,inf
GBFS,"(10, 10)",0.027564048767089844,20,True,39.0
GBFS,"(10, 10)",0.032781124114990234,23,True,32.0
GBFS,"(10, 10)",0.03098440170288086,25,True,40.0
GBFS,"(10, 10)",0.03280282020568848,25,True,42.0
GBFS,"(10, 10)",0.032811880111694336,22,True,25.0
GBFS,"(10, 10)",0.025665283203125,19,True,49.0
GBFS,"(10, 10)",0.025813817977905273,19,True,47.0
GBFS,"(10, 10)",0.02272510528564453,21,True,35.0
GBFS,"(10, 10)",0.023094892501831055,19,True,inf
GBFS,"(10, 10)",0.04005265235900879,34,True,inf
GBFS,"(10, 10)",0.02693319320678711,20,True,35.0
GBFS,"(10, 10)",0.04704856872558594,38,True,44.0
GBFS,"(10, 10)",0.05695843696594238,45,True,48.0
GBFS,"(10, 10)",0.025884628295898438,19,True,40.0
GBFS,"(10, 10)",0.032714128494262695,24,True,42.0
GBFS,"(10, 10)",0.03888249397277832,20,True,inf
GBFS,"(10, 10)",0.031900882720947266,24,True,53.0
GBFS,"(10, 10)",0.027971506118774414,22,True,42.0
GBFS,"(10, 10)",0.02746748924255371,25,True,34.0
GBFS,"(10, 10)",0.024592161178588867,23,True,35.0
GBFS,"(10, 10)",0.024090290069580078,19,True,43.0
GBFS,"(10, 10)",0.021436452865600586,19,True,40.0
GBFS,"(10, 10)",0.01848006248474121,19,True,inf
GBFS,"(10, 10)",0.01752638816833496,19,True,43.0
GBFS,"(10, 10)",0.02900981903076172,19,True,35.0
GBFS,"(10, 10)",0.05064964294433594,39,True,66.0
GBFS,"(10, 10)",0.02373528480529785,21,True,39.0
GBFS,"(10, 10)",0.03229832649230957,24,True,inf
GBFS,"(10, 10)",0.019341230392456055,19,True,inf
GBFS,"(10, 10)",0.0235595703125,22,True,31.0
GBFS,"(10, 10)",0.023488998413085938,23,True,40.0
GBFS,"(10, 10)",0.02322530746459961,19,True,inf
GBFS,"(10, 10)",0.03213143348693848,25,True,34.0
GBFS,"(10, 10)",0.028481721878051758,26,True,33.0
GBFS,"(10, 10)",0.02434682846069336,21,True,44.0
GBFS,"(10, 10)",0.02142477035522461,20,True,29.0
GBFS,"(10, 10)",0.022510051727294922,21,True,36.0
GBFS,"(10, 10)",0.021607160568237305,21,True,inf
GBFS,"(10, 10)",0.02328324317932129,21,True,39.0
GBFS,"(10, 10)",0.02807760238647461,25,True,34.0
GBFS,"(10, 10)",0.03021717071533203,19,True,36.0
GBFS,"(10, 10)",0.02040696144104004,20,True,40.0
GBFS,"(10, 10)",0.0381622314453125,30,True,43.0
GBFS,"(10, 10)",0.03132963180541992,30,True,41.0
GBFS,"(10, 10)",0.025864601135253906,23,True,37.0
GBFS,"(10, 10)",0.030019521713256836,29,True,37.0
GBFS,"(10, 10)",0.024976253509521484,20,True,37.0
GBFS,"(10, 10)",0.02191472053527832,19,True,44.0
GBFS,"(10, 10)",0.026796340942382812,25,True,32.0
GBFS,"(10, 10)",0.020404338836669922,20,True,34.0
GBFS,"(10, 10)",0.03155112266540527,28,True,50.0
GBFS,"(10, 10)",0.021280765533447266,19,True,inf
GBFS,"(10, 10)",0.02019786834716797,19,True,32.0
GBFS,"(10, 10)",0.02374720573425293,21,True,inf
GBFS,"(10, 10)",0.0230867862701416,19,True,28.0
GBFS,"(10, 10)",0.033806562423706055,28,True,42.0
GBFS,"(10, 10)",0.02277684211730957,19,True,34.0
GBFS,"(10, 10)",0.0344691276550293,32,True,47.0
GBFS,"(10, 10)",0.02837824821472168,25,True,41.0
GBFS,"(10, 10)",0.024959325790405273,19,True,40.0
GBFS,"(10, 10)",0.020612239837646484,19,True,31.0
GBFS,"(10, 10)",0.022455453872680664,21,True,34.0
GBFS,"(10, 10)",0.02177906036376953,20,True,38.0
GBFS,"(10, 10)",0.024204015731811523,19,True,49.0
GBFS,"(10, 10)",0.023973941802978516,21,True,52.0
GBFS,"(10, 10)",0.020394325256347656,19,True,49.0
GBFS,"(10, 10)",0.020767927169799805,20,True,36.0
GBFS,"(10, 10)",0.02039504051208496,19,True,inf
GBFS,"(10, 10)",0.028285503387451172,20,True,31.0
GBFS,"(10, 10)",0.03172469139099121,21,True,40.0
GBFS,"(10, 10)",0.02140212059020996,19,True,28.0
GBFS,"(10, 10)",0.02843618392944336,21,True,48.0
GBFS,"(10, 10)",0.025320053100585938,19,True,39.0
GBFS,"(10, 10)",0.04788684844970703,36,True,48.0
GBFS,"(10, 10)",0.024689197540283203,20,True,44.0
GBFS,"(10, 10)",0.02443242073059082,21,True,27.0
GBFS,"(10, 10)",0.026095151901245117,22,True,46.0
GBFS,"(10, 10)",0.023481130599975586,19,True,37.0
AStar,"(10, 10)",0.08976411819458008,73,True,36.0
AStar,"(10, 10)",0.0696563720703125,55,True,31.0
AStar,"(10, 10)",0.03219437599182129,26,True,29.0
AStar,"(10, 10)",0.07312750816345215,57,True,35.0
AStar,"(10, 10)",0.07168030738830566,61,True,35.0
AStar,"(10, 10)",0.04743170738220215,41,True,33.0
AStar,"(10, 10)",0.09187865257263184,72,True,45.0
AStar,"(10, 10)",0.05553030967712402,45,True,inf
AStar,"(10, 10)",0.05793046951293945,49,True,inf
AStar,"(10, 10)",0.0741729736328125,60,True,inf
AStar,"(10, 10)",0.08054089546203613,66,True,35.0
AStar,"(10, 10)",0.04234576225280762,36,True,inf
AStar,"(10, 10)",0.054102420806884766,45,True,22.0
AStar,"(10, 10)",0.09511733055114746,78,True,33.0
AStar,"(10, 10)",0.05783867835998535,46,True,43.0
AStar,"(10, 10)",0.07052755355834961,57,True,inf
AStar,"(10, 10)",0.055640459060668945,48,True,40.0
AStar,"(10, 10)",0.03631186485290527,32,True,33.0
AStar,"(10, 10)",0.056644439697265625,46,True,inf
AStar,"(10, 10)",0.08183884620666504,66,True,inf
AStar,"(10, 10)",0.07502889633178711,74,True,24.0
AStar,"(10, 10)",0.06052970886230469,40,True,inf
AStar,"(10, 10)",0.10229969024658203,66,True,38.0
AStar,"(10, 10)",0.0518498420715332,41,True,32.0
AStar,"(10, 10)",0.09685897827148438,66,True,29.0
AStar,"(10, 10)",0.1002340316772461,73,True,31.0
AStar,"(10, 10)",0.04494166374206543,35,True,22.0
AStar,"(10, 10)",0.0581049919128418,42,True,47.0
AStar,"(10, 10)",0.10814070701599121,79,True,38.0
AStar,"(10, 10)",0.06592154502868652,49,True,27.0
AStar,"(10, 10)",0.09698987007141113,72,True,inf
AStar,"(10, 10)",0.08903694152832031,66,True,inf
AStar,"(10, 10)",0.06657195091247559,47,True,35.0
AStar,"(10, 10)",0.05140876770019531,41,True,23.0
AStar,"(10, 10)",0.08624458312988281,63,True,36.0
AStar,"(10, 10)",0.09351015090942383,69,True,38.0
AStar,"(10, 10)",0.07817339897155762,58,True,29.0
AStar,"(10, 10)",0.09671449661254883,61,True,inf
AStar,"(10, 10)",0.07648396492004395,61,True,41.0
AStar,"(10, 10)",0.0854177474975586,66,True,29.0
AStar,"(10, 10)",0.08433794975280762,63,True,30.0
AStar,"(10, 10)",0.0819237232208252,60,True,25.0
AStar,"(10, 10)",0.07561469078063965,57,True,43.0
AStar,"(10, 10)",0.09052300453186035,73,True,40.0
AStar,"(10, 10)",0.10395240783691406,82,True,inf
AStar,"(10, 10)",0.054029226303100586,44,True,34.0
AStar,"(10, 10)",0.06525874137878418,52,True,30.0
AStar,"(10, 10)",0.06610965728759766,54,True,59.0
AStar,"(10, 10)",0.04607033729553223,37,True,36.0
AStar,"(10, 10)",0.05208325386047363,44,True,inf
AStar,"(10, 10)",0.08457136154174805,35,True,inf
AStar,"(10, 10)",0.09268760681152344,68,True,29.0
AStar,"(10, 10)",0.06309151649475098,50,True,37.0
AStar,"(10, 10)",0.06569623947143555,57,True,inf
AStar,"(10, 10)",0.06872820854187012,57,True,26.0
AStar,"(10, 10)",0.08238482475280762,64,True,31.0
AStar,"(10, 10)",0.0846109390258789,69,True,36.0
AStar,"(10, 10)",0.04378485679626465,37,True,27.0
AStar,"(10, 10)",0.06108570098876953,53,True,30.0
AStar,"(10, 10)",0.05719590187072754,48,True,inf
AStar,"(10, 10)",0.047371625900268555,43,True,30.0
AStar,"(10, 10)",0.065704345703125,55,True,33.0
AStar,"(10, 10)",0.06174182891845703,53,True,31.0
AStar,"(10, 10)",0.07535028457641602,66,True,37.0
AStar,"(10, 10)",0.04755711555480957,41,True,35.0
AStar,"(10, 10)",0.0649571418762207,47,True,33.0
AStar,"(10, 10)",0.05011177062988281,39,True,23.0
AStar,"(10, 10)",0.028365135192871094,27,True,25.0
AStar,"(10, 10)",0.07236647605895996,59,True,33.0
AStar,"(10, 10)",0.07623028755187988,65,True,31.0
AStar,"(10, 10)",0.04295945167541504,38,True,20.0
AStar,"(10, 10)",0.06060314178466797,51,True,33.0
AStar,"(10, 10)",0.035336971282958984,33,True,25.0
AStar,"(10, 10)",0.06956338882446289,62,True,inf
AStar,"(10, 10)",0.05458378791809082,50,True,31.0
AStar,"(10, 10)",0.07329225540161133,63,True,inf
AStar,"(10, 10)",0.03771710395812988,34,True,20.0
AStar,"(10, 10)",0.10897493362426758,74,True,26.0
AStar,"(10, 10)",0.07457089424133301,65,True,32.0
AStar,"(10, 10)",0.06314301490783691,56,True,35.0
AStar,"(10, 10)",0.0670478343963623,58,True,37.0
AStar,"(10, 10)",0.05359458923339844,47,True,29.0
AStar,"(10, 10)",0.04595303535461426,42,True,30.0
AStar,"(10, 10)",0.052539825439453125,45,True,34.0
AStar,"(10, 10)",0.07786417007446289,72,True,35.0
AStar,"(10, 10)",0.04025983810424805,37,True,47.0
AStar,"(10, 10)",0.06542348861694336,56,True,45.0
AStar,"(10, 10)",0.047440290451049805,47,True,33.0
AStar,"(10, 10)",0.06953811645507812,62,True,36.0
AStar,"(10, 10)",0.043209075927734375,40,True,inf
AStar,"(10, 10)",0.03977394104003906,40,True,29.0
AStar,"(10, 10)",0.05895590782165527,52,True,35.0
AStar,"(10, 10)",0.046300411224365234,43,True,28.0
AStar,"(10, 10)",0.08100414276123047,70,True,29.0
AStar,"(10, 10)",0.04258584976196289,33,True,24.0
AStar,"(10, 10)",0.09474325180053711,74,True,40.0
AStar,"(10, 10)",0.0560150146484375,51,True,35.0
AStar,"(10, 10)",0.07014250755310059,61,True,23.0
AStar,"(10, 10)",0.045043230056762695,42,True,42.0
AStar,"(10, 10)",0.07729792594909668,67,True,33.0
